{
    "skeleton": {
        "hash": "9a8OHEIqaosh80A90FXxBPugY4U",
        "spine": "3.7.94",
        "width": 922,
        "height": 964.15,
        "images": "./images/",
        "audio": "C:/Users/483/Desktop"
    },
    "bones": [{
        "name": "root"
    }, {
        "name": "waku",
        "parent": "root"
    }, {
        "name": "body",
        "parent": "waku",
        "length": 261.52,
        "rotation": 90,
        "x": -34.59,
        "y": -298.47
    }, {
        "name": "L_arm",
        "parent": "body",
        "length": 379.49,
        "rotation": -87.68,
        "x": 10.25,
        "y": 567.48
    }, {
        "name": "L_hand",
        "parent": "L_arm",
        "length": 178.78,
        "rotation": 13.91,
        "x": 391.06,
        "y": 0.81
    }, {
        "name": "face",
        "parent": "body",
        "length": 382.86,
        "rotation": 9.24,
        "x": 149.88,
        "y": 74.3
    }, {
        "name": "hair_base",
        "parent": "face",
        "rotation": -99.24,
        "x": 417.41,
        "y": -3.03
    }, {
        "name": "L_hand2",
        "parent": "L_hand",
        "length": 53.64,
        "rotation": -8.41,
        "x": 210.15,
        "y": -38.33
    }, {
        "name": "L_hand3",
        "parent": "L_hand2",
        "length": 61.48,
        "rotation": -7.82,
        "x": 58.94,
        "y": 0.32
    }, {
        "name": "R_arm",
        "parent": "waku",
        "length": 354.36,
        "x": 16.27,
        "y": -285.14
    }, {
        "name": "hair02",
        "parent": "hair_base",
        "length": 133.61,
        "rotation": -143.54,
        "x": -37.55,
        "y": -4.38
    }, {
        "name": "hair03",
        "parent": "hair_base",
        "length": 131.82,
        "rotation": -147.39,
        "x": -48.3,
        "y": -31.25
    }, {
        "name": "bone2",
        "parent": "hair03",
        "length": 75.94,
        "rotation": 40.95,
        "x": 130.5,
        "y": 0.14
    }, {
        "name": "bone3",
        "parent": "bone2",
        "length": 70.32,
        "rotation": 39.96,
        "x": 76.11,
        "y": -0.57
    }, {
        "name": "hair_base2",
        "parent": "hair_base",
        "length": 155.77,
        "rotation": -134.84,
        "x": -6.51,
        "y": -15.13
    }, {
        "name": "hair_base3",
        "parent": "hair_base2",
        "length": 102.1,
        "rotation": 34.06,
        "x": 155.77,
        "y": 0.84
    }, {
        "name": "hair_base4",
        "parent": "hair_base3",
        "length": 122.56,
        "rotation": 45.87,
        "x": 103.86,
        "y": 0.34
    }, {
        "name": "hair_base5",
        "parent": "hair_base",
        "length": 154.36,
        "rotation": -86.23,
        "x": 49.01,
        "y": -50.35
    }, {
        "name": "hair_base6",
        "parent": "hair_base",
        "length": 112.78,
        "rotation": -53.24,
        "x": 78.86,
        "y": -44.38
    }, {
        "name": "hair_base7",
        "parent": "hair_base6",
        "length": 88.65,
        "rotation": -8.4,
        "x": 111.49,
        "y": -2.01
    }, {
        "name": "hair_base8",
        "parent": "hair_base7",
        "length": 117.02,
        "rotation": -26.11,
        "x": 92.4,
        "y": -0.47
    }, {
        "name": "bone",
        "parent": "hair_base",
        "length": 162.79,
        "rotation": -30.89,
        "x": 89.01,
        "y": 5.77
    }, {
        "name": "bone4",
        "parent": "bone",
        "length": 122.84,
        "rotation": -18.84,
        "x": 163.3,
        "y": 0.31
    }, {
        "name": "bone5",
        "parent": "bone4",
        "length": 59.1,
        "rotation": -32.14,
        "x": 219.06,
        "y": -87.77
    }, {
        "name": "bone6",
        "parent": "bone5",
        "length": 47.7,
        "rotation": 36.36,
        "x": 58.93,
        "y": -1.18
    }, {
        "name": "bone7",
        "parent": "bone6",
        "length": 52.43,
        "rotation": 15.44,
        "x": -27.08,
        "y": 55.06
    }, {
        "name": "bone8",
        "parent": "hair_base",
        "length": 107.65,
        "rotation": -57.42,
        "x": 167.98,
        "y": -81.14
    }, {
        "name": "eyebow_base",
        "parent": "face",
        "rotation": -70.35,
        "x": 249.49,
        "y": 43.84
    }, {
        "name": "bone9",
        "parent": "eyebow_base",
        "length": 81.12,
        "x": 32.47,
        "y": -9.12
    }, {
        "name": "bone10",
        "parent": "eyebow_base",
        "length": 37.67,
        "rotation": 146,
        "x": -24.95,
        "y": -1.53
    }, {
        "name": "sweat01",
        "parent": "face",
        "rotation": -99.24,
        "x": 67.84,
        "y": 96.68
    }, {
        "name": "sweat02",
        "parent": "face",
        "rotation": -99.24,
        "x": 14.48,
        "y": -111.57
    }, {
        "name": "sweat03",
        "parent": "face",
        "rotation": -99.24,
        "x": 161.73,
        "y": -3.15
    }, {
        "name": "selif01",
        "parent": "root",
        "x": 194.15,
        "y": 180.62,
        "color": "9c9c9c00"
    }, {
        "name": "selif02",
        "parent": "root",
        "x": 274.19,
        "y": -148.82
    }, {
        "name": "selif03",
        "parent": "root",
        "x": 328.71,
        "y": 151.62
    }, {
        "name": "waku5",
        "parent": "selif03",
        "x": -46.4,
        "y": -1.16
    }],
    "slots": [{
        "name": "bg",
        "bone": "waku",
        "attachment": "bg"
    }, {
        "name": "body",
        "bone": "R_arm",
        "attachment": "body"
    }, {
        "name": "face_base",
        "bone": "face",
        "attachment": "face_base"
    }, {
        "name": "selif02",
        "bone": "selif02",
        "attachment": "selif02"
    }, {
        "name": "selif01",
        "bone": "selif01",
        "attachment": "selif01"
    }, {
        "name": "selif03_02",
        "bone": "waku5",
        "attachment": "selif03_02"
    }, {
        "name": "selif03_01",
        "bone": "selif03",
        "attachment": "selif03_01"
    }, {
        "name": "hand01",
        "bone": "L_hand",
        "attachment": "hand01"
    }, {
        "name": "hand02",
        "bone": "L_hand2",
        "attachment": "hand02"
    }, {
        "name": "sweat03_02",
        "bone": "sweat03",
        "attachment": "sweat03_02"
    }, {
        "name": "sweat03_01",
        "bone": "sweat03",
        "attachment": "sweat03_01"
    }, {
        "name": "sweat02",
        "bone": "sweat02",
        "attachment": "sweat02"
    }, {
        "name": "sweat01",
        "bone": "sweat01",
        "attachment": "sweat01"
    }, {
        "name": "mouth_shadow",
        "bone": "face",
        "attachment": "mouth_shadow"
    }, {
        "name": "mouth01",
        "bone": "face",
        "attachment": "mouth01"
    }, {
        "name": "mouth02",
        "bone": "face",
        "attachment": "mouth02"
    }, {
        "name": "mouth03",
        "bone": "face",
        "attachment": "mouth03"
    }, {
        "name": "eye01",
        "bone": "face",
        "attachment": "eye01"
    }, {
        "name": "eye02",
        "bone": "face",
        "attachment": "eye02"
    }, {
        "name": "eye03",
        "bone": "face",
        "attachment": "eye03"
    }, {
        "name": "eyeblow",
        "bone": "eyebow_base",
        "attachment": "eyeblow"
    }, {
        "name": "hair01",
        "bone": "hair_base",
        "attachment": "hair01"
    }, {
        "name": "hair03",
        "bone": "hair03",
        "attachment": "hair03"
    }, {
        "name": "hair02",
        "bone": "hair02",
        "attachment": "hair02"
    }, {
        "name": "waku",
        "bone": "waku",
        "attachment": "waku"
    }],
    "skins": {
        "default": {
            "bg": {
                "bg": {
                    "type": "mesh",
                    "uvs": [1, 1, 0, 1, 0, 0, 1, 0],
                    "triangles": [1, 2, 3, 1, 3, 0],
                    "vertices": [385.4, -303.59, -382.64, -305.5, -382.21, 297.28, 385.7, 299.66],
                    "hull": 4,
                    "edges": [0, 2, 2, 4, 4, 6, 0, 6],
                    "width": 767,
                    "height": 604
                }
            },
            "body": {
                "body": {
                    "type": "mesh",
                    "uvs": [1, 1, 0.75175, 1, 0.59194, 1, 0.50964, 1, 0.41938, 1, 0.30965, 1, 0.12648, 1, 0, 1, 0, 0, 0.61826, 0, 1, 0, 0.49421, 0.18957, 0.49601, 0.43447, 0.49421, 0.65137, 0.49061, 0.74233, 0.469, 0.87178, 0.59326, 0.79131, 0.74274, 0.84729, 0.8526, 0.86828, 0.94805, 0.93825, 0.58786, 0.93825, 0.12862, 0.94525, 0.29971, 0.92775, 0.29971, 0.70035, 0.29431, 0.5919, 0.38796, 0.51843, 0.39696, 0.73534, 0.55476, 0.36489, 0.5746, 0.24924, 0.61429, 0.1201, 0.61628, 0.04493],
                    "triangles": [15, 4, 22, 4, 5, 22, 0, 1, 19, 1, 18, 19, 1, 20, 17, 1, 17, 18, 3, 20, 2, 1, 2, 20, 20, 3, 15, 3, 4, 15, 10, 0, 19, 20, 16, 17, 20, 15, 16, 15, 14, 16, 15, 26, 14, 19, 18, 10, 10, 18, 28, 17, 28, 18, 14, 13, 16, 17, 16, 13, 6, 21, 5, 21, 22, 5, 6, 7, 21, 24, 21, 7, 21, 23, 22, 21, 24, 23, 24, 7, 8, 22, 26, 15, 22, 23, 26, 10, 28, 29, 10, 29, 30, 10, 30, 9, 13, 12, 27, 28, 17, 27, 14, 26, 13, 13, 26, 24, 13, 24, 25, 24, 26, 23, 13, 25, 12, 24, 8, 25, 25, 11, 12, 25, 8, 11, 12, 11, 27, 27, 11, 28, 28, 11, 29, 29, 11, 30, 9, 30, 11, 9, 11, 8, 27, 17, 13],
                    "vertices": [1, 9, 368.07, -20.44, 1, 1, 9, 208.44, -20.44, 1, 1, 9, 105.69, -20.44, 1, 1, 9, 52.77, -20.44, 1, 1, 9, -5.27, -20.44, 1, 1, 9, -75.83, -20.44, 1, 1, 9, -193.61, -20.44, 1, 1, 2, -7.1, 224.08, 1, 1, 2, 323.9, 224.08, 1, 1, 2, 323.9, -173.47, 1, 1, 9, 368.07, 310.56, 1, 1, 2, 261.15, -93.7, 1, 1, 2, 180.09, -94.86, 1, 2, 2, 108.29, -93.7, 0.47301, 9, 42.85, 94.96, 0.52699, 2, 2, 78.18, -91.39, 0.31963, 9, 40.53, 64.85, 0.68037, 2, 2, 35.34, -77.49, 0.08432, 9, 26.63, 22, 0.91568, 2, 2, 61.97, -157.39, 0.11, 9, 106.54, 48.64, 0.89, 2, 2, 43.44, -253.51, 0.1, 9, 202.65, 30.11, 0.9, 2, 2, 36.5, -324.14, 0.1, 9, 273.29, 23.16, 0.9, 1, 9, 334.66, 0, 1, 2, 2, 13.34, -153.92, 0.1, 9, 103.06, 0, 0.9, 1, 2, 11.02, 141.37, 1, 1, 2, 16.81, 31.36, 1, 1, 2, 92.08, 31.36, 1, 1, 2, 127.98, 34.84, 1, 1, 2, 152.3, -25.38, 1, 1, 2, 80.5, -31.17, 1, 1, 2, 203.12, -132.63, 1, 1, 2, 241.4, -145.39, 1, 1, 2, 284.14, -170.91, 1, 1, 2, 309.02, -172.19, 1],
                    "hull": 11,
                    "edges": [14, 16, 0, 20, 0, 2, 16, 18, 18, 20, 12, 14, 10, 12, 8, 10, 6, 8, 2, 4, 4, 6],
                    "width": 643,
                    "height": 331
                }
            },
            "eye01": {
                "eye01": {
                    "type": "mesh",
                    "uvs": [0.97091, 0.96841, 0.02075, 0.96581, 0.0194, 0.04339, 0.9806, 0.03099],
                    "triangles": [0, 1, 2, 3, 0, 2],
                    "vertices": [154, -92.4, 189.71, 125.12, 299.93, 107.51, 265.59, -112.84],
                    "hull": 4,
                    "edges": [0, 2, 2, 4, 4, 6, 0, 6],
                    "width": 232,
                    "height": 121
                }
            },
            "eye02": {
                "eye02": {
                    "type": "mesh",
                    "uvs": [0.97809, 0.97, 0.01721, 0.973, 0.02034, 0.036, 0.97653, 0.03],
                    "triangles": [2, 3, 0, 1, 2, 0],
                    "vertices": [153.54, -94.02, 188.99, 126.07, 300.77, 107.15, 265.86, -111.93],
                    "hull": 4,
                    "edges": [0, 2, 2, 4, 4, 6, 0, 6],
                    "width": 232,
                    "height": 121
                }
            },
            "eye03": {
                "eye03": {
                    "type": "mesh",
                    "uvs": [0.98279, 0.967, 0.01721, 0.967, 0.02347, 0.042, 0.97966, 0.024],
                    "triangles": [2, 3, 0, 1, 2, 0],
                    "vertices": [153.73, -95.15, 189.7, 125.95, 299.94, 106.55, 266.46, -112.76],
                    "hull": 4,
                    "edges": [0, 2, 2, 4, 4, 6, 0, 6],
                    "width": 232,
                    "height": 121
                }
            },
            "eyeblow": {
                "eyeblow": {
                    "type": "mesh",
                    "uvs": [1, 1, 0.20407, 1, 0, 1, 0, 0.87193, 0, 0.79233, 0, 0, 0.89161, 0, 1, 0, 0.46997, 0.56143, 0.59784, 0.49773, 0.69461, 0.33053, 0.78447, 0.13148, 0.92271, 0.19517, 0.82594, 0.26683, 0.73263, 0.44996, 0.68079, 0.56143, 0.59439, 0.64901, 0.47342, 0.74455, 0.28334, 0.86398, 0.26952, 0.72067, 0.19349, 0.80029, 0.06907, 0.79233, 0.07247, 0.88889, 0.1553, 0.92282, 0.24181, 0.92282],
                    "triangles": [19, 5, 8, 21, 5, 19, 21, 4, 5, 20, 21, 19, 18, 19, 17, 20, 19, 18, 3, 4, 21, 22, 21, 20, 3, 21, 22, 23, 22, 20, 24, 23, 20, 18, 24, 20, 2, 3, 22, 1, 23, 24, 2, 22, 23, 1, 2, 23, 24, 18, 17, 17, 1, 24, 11, 5, 6, 12, 6, 7, 11, 6, 12, 13, 11, 12, 10, 5, 11, 10, 11, 13, 14, 10, 13, 10, 8, 5, 9, 10, 14, 15, 9, 14, 9, 8, 10, 16, 8, 9, 16, 9, 15, 17, 8, 16, 19, 8, 17, 12, 7, 0, 14, 13, 12, 0, 14, 12, 15, 14, 0, 16, 15, 0, 17, 16, 0, 0, 1, 17],
                    "vertices": [1, 28, 59.65, -69.35, 1, 1, 29, 4.21, 11.21, 1, 1, 29, 41.21, 14.51, 1, 1, 29, 42.11, 4.43, 1, 2, 28, -91.77, 32.96, 1.3E-4, 29, 42.67, -1.83, 0.99987, 2, 28, -61.52, 87.76, 0.07544, 29, 48.23, -64.18, 0.92456, 1, 28, 80.55, 9.35, 1, 1, 28, 97.82, -0.18, 1, 1, 28, -8.07, 7.6, 1, 2, 28, 14.74, 0.76, 0.99964, 29, -63.64, -34.69, 3.6E-4, 2, 28, 36.54, 3.81, 0.99992, 29, -80.01, -49.41, 8.0E-5, 1, 28, 58.46, 9.68, 1, 1, 28, 78.05, -6.88, 1, 1, 28, 59.9, -3.33, 1, 1, 28, 38.04, -7.79, 1, 1, 28, 25.53, -10.94, 1, 1, 28, 8.41, -9.4, 1, 1, 28, -14.51, -5.37, 1, 1, 29, -9.2, -0.78, 1, 1, 29, -5.69, -11.83, 1, 2, 28, -61.24, 15.39, 0.00916, 29, 7.54, -4.34, 0.99084, 2, 28, -80.76, 26.88, 6.2E-4, 29, 30.15, -2.95, 0.99938, 1, 29, 28.85, 4.59, 1, 1, 29, 13.6, 5.92, 1, 1, 29, -2.09, 4.52, 1],
                    "hull": 8,
                    "edges": [0, 14, 10, 12, 12, 14, 8, 10, 0, 2, 2, 4, 4, 6, 6, 8],
                    "width": 182,
                    "height": 79
                }
            },
            "face_base": {
                "face_base": {
                    "type": "mesh",
                    "uvs": [1, 1, 0, 1, 0, 0, 1, 0],
                    "triangles": [1, 2, 3, 1, 3, 0],
                    "vertices": [-63.01, -250.35, 4.93, 167.16, 429.35, 98.1, 361.41, -319.41],
                    "hull": 4,
                    "edges": [0, 2, 2, 4, 4, 6, 0, 6],
                    "width": 423,
                    "height": 430
                }
            },
            "hair01": {
                "hair01": {
                    "type": "mesh",
                    "uvs": [1, 0.77724, 1, 0.79821, 1, 1, 0.87738, 1, 0.82717, 1, 0, 1, 0, 0, 0.43017, 0, 0.55551, 0, 1, 0, 0.21047, 0.17935, 0.13232, 0.31375, 0.08514, 0.45774, 0.08661, 0.59213, 0.1102, 0.71885, 0.36529, 0.12368, 0.43902, 0.21967, 0.41395, 0.32335, 0.41543, 0.40398, 0.40068, 0.5019, 0.40953, 0.26191, 0.48915, 0.31375, 0.52602, 0.41742, 0.55403, 0.57677, 0.55551, 0.68429, 0.53486, 0.7726, 0.56583, 0.41934, 0.60269, 0.52302, 0.62481, 0.60365, 0.63513, 0.68045, 0.63218, 0.7822, 0.63218, 0.46158, 0.6543, 0.57677, 0.65872, 0.64781, 0.65577, 0.72461, 0.68821, 0.4923, 0.71918, 0.42318, 0.76931, 0.41934, 0.7988, 0.4731, 0.8165, 0.56909, 0.8165, 0.63629, 0.8047, 0.69005, 0.77668, 0.74957, 0.74867, 0.81676, 0.78995, 0.79948, 0.82092, 0.859, 0.83861, 0.92236, 0.86664, 0.96843, 0.91971, 0.94732, 0.87548, 0.88972, 0.85041, 0.78796, 0.86515, 0.73997, 0.90349, 0.78796, 0.9669, 0.80716, 0.89759, 0.74957, 0.93298, 0.69965, 0.95068, 0.62669, 0.95363, 0.5307, 0.93741, 0.4827, 0.8858, 0.4635, 0.86515, 0.40398, 0.85926, 0.35214, 0.83861, 0.24463, 0.75751, 0.1352, 0.6602, 0.0584, 0.34613, 0.0296, 0.2842, 0.05072, 0.23259, 0.09488, 0.89317, 0.63245, 0.89022, 0.54798, 0.75162, 0.29455, 0.66167, 0.20239, 0.59237, 0.12752, 0.54076, 0.09104, 0.4346, 0.0488, 0.2019, 0.12397, 0.17451, 0.17969, 0.15568, 0.20532, 0.13771, 0.21869, 0.11716, 0.24544, 0.10005, 0.26661, 0.07865, 0.2967, 0.06581, 0.33013, 0.05468, 0.35242, 0.04613, 0.38028, 0.04013, 0.40368, 0.035, 0.4282, 0.03158, 0.45606, 0.02986, 0.48727, 0.03329, 0.51624, 0.04185, 0.53741, 0.05554, 0.61208, 0.06153, 0.66334, 0.07009, 0.70346, 0.09748, 0.76587, 0.12915, 0.80153, 0.1514, 0.82591, 0.2019, 0.84151, 0.22073, 0.8404, 0.22158, 0.81588, 0.19591, 0.79917, 0.17023, 0.77353, 0.15397, 0.73676, 0.13086, 0.62197, 0.13086, 0.57405, 0.12658, 0.47041, 0.14798, 0.40243, 0.18735, 0.27985, 0.2173, 0.21187, 0.2387, 0.16618, 0.52459, 0.60518, 0.51398, 0.68, 0.49984, 0.71798, 0.50868, 0.80661, 0.60857, 0.86071, 0.64835, 0.78819, 0.68542, 0.65447, 0.70084, 0.62993, 0.70541, 0.61803, 0.71569, 0.58531, 0.70027, 0.52878, 0.62715, 0.42576, 0.59359, 0.33993, 0.56722, 0.27438, 0.63194, 0.24941, 0.68708, 0.34461, 0.70266, 0.38831, 0.6667, 0.42888, 0.63314, 0.33525, 0.5816, 0.31028, 0.64517, 0.50555, 0.64791, 0.53903, 0.67484, 0.54433, 0.61337, 0.38673, 0.64767, 0.38352, 0.65978, 0.48093, 0.66697, 0.52137, 0.82966, 0.96367, 0.80522, 0.90683, 0.77391, 0.86664, 0.73905, 0.86085, 0.90201, 0.97088, 0.93895, 0.92895, 0.89822, 0.91291, 0.91243, 0.88454, 0.91716, 0.85494, 0.8878, 0.82904, 0.86696, 0.81301, 0.86506, 0.77107, 0.92379, 0.81424, 0.94179, 0.82287, 0.98252, 0.81177, 0.96547, 0.77847, 0.92663, 0.7686, 0.43433, 0.24605, 0.46199, 0.30235, 0.48678, 0.35122, 0.50287, 0.4129, 0.51898, 0.48959, 0.52176, 0.55346, 0.37702, 0.22112, 0.38713, 0.26899, 0.39356, 0.32643, 0.39724, 0.40303, 0.38713, 0.49159, 0.37518, 0.54066, 0.39211, 0.54892, 0.41424, 0.48157, 0.4241, 0.43643, 0.42801, 0.38728, 0.42876, 0.34312, 0.42621, 0.3094, 0.42601, 0.26252, 0.41609, 0.23646, 0.41862, 0.25155, 0.43477, 0.26238, 0.44463, 0.28009],
                    "triangles": [124, 72, 71, 123, 72, 124, 124, 71, 70, 129, 123, 124, 21, 123, 129, 125, 128, 124, 129, 124, 128, 122, 129, 128, 70, 125, 124, 134, 128, 125, 133, 122, 128, 133, 128, 134, 126, 125, 70, 134, 125, 126, 156, 129, 122, 133, 26, 122, 36, 126, 37, 121, 133, 134, 26, 133, 121, 127, 134, 126, 127, 126, 36, 121, 134, 127, 31, 121, 127, 135, 31, 127, 35, 127, 36, 135, 127, 35, 130, 31, 135, 136, 135, 35, 130, 135, 136, 38, 120, 35, 136, 35, 120, 38, 35, 36, 131, 130, 136, 132, 136, 120, 131, 136, 132, 119, 120, 39, 132, 120, 119, 32, 132, 119, 118, 32, 119, 117, 32, 118, 118, 119, 40, 116, 33, 117, 40, 117, 118, 41, 116, 117, 65, 6, 7, 66, 6, 65, 67, 6, 66, 15, 65, 74, 66, 65, 15, 75, 6, 67, 15, 109, 67, 15, 67, 66, 15, 74, 16, 6, 87, 5, 40, 39, 68, 119, 39, 40, 41, 117, 40, 68, 41, 40, 42, 41, 51, 42, 116, 41, 42, 43, 34, 44, 43, 42, 140, 115, 43, 139, 43, 44, 140, 43, 139, 4, 138, 137, 140, 139, 138, 4, 140, 138, 114, 140, 4, 114, 4, 5, 54, 51, 55, 153, 54, 55, 148, 51, 54, 152, 153, 55, 0, 152, 55, 52, 54, 153, 148, 54, 52, 152, 0, 1, 151, 53, 152, 1, 151, 152, 149, 52, 153, 149, 153, 152, 149, 152, 53, 150, 149, 53, 146, 52, 149, 145, 149, 150, 150, 53, 151, 151, 1, 2, 151, 145, 150, 145, 146, 149, 145, 49, 146, 144, 49, 145, 49, 45, 146, 46, 138, 45, 143, 49, 144, 49, 46, 45, 151, 142, 145, 144, 145, 142, 143, 144, 142, 48, 143, 142, 137, 138, 46, 143, 47, 46, 143, 46, 49, 141, 47, 143, 137, 46, 47, 48, 141, 143, 4, 137, 47, 3, 47, 141, 4, 47, 3, 2, 142, 151, 48, 142, 2, 141, 48, 2, 3, 141, 2, 51, 50, 42, 148, 50, 51, 44, 42, 50, 147, 148, 52, 50, 148, 147, 146, 147, 52, 45, 44, 50, 45, 50, 147, 139, 44, 45, 146, 45, 147, 138, 139, 45, 62, 63, 9, 70, 71, 63, 70, 63, 62, 61, 62, 9, 70, 62, 61, 37, 126, 70, 58, 59, 60, 61, 37, 70, 60, 37, 61, 60, 61, 58, 38, 37, 60, 38, 60, 59, 9, 58, 61, 57, 58, 9, 36, 37, 38, 9, 0, 57, 69, 59, 58, 69, 58, 57, 38, 59, 69, 39, 38, 69, 120, 38, 39, 56, 69, 57, 68, 69, 56, 39, 69, 68, 55, 68, 56, 51, 68, 55, 51, 41, 68, 56, 57, 0, 55, 56, 0, 74, 7, 8, 65, 7, 74, 64, 8, 9, 73, 74, 8, 73, 8, 64, 72, 73, 64, 63, 64, 9, 71, 64, 63, 72, 64, 71, 16, 74, 73, 72, 16, 73, 32, 131, 132, 28, 27, 131, 28, 131, 32, 23, 27, 28, 110, 159, 23, 33, 28, 32, 117, 33, 32, 111, 166, 110, 29, 28, 33, 28, 110, 23, 24, 28, 29, 24, 110, 28, 111, 110, 24, 112, 166, 111, 116, 34, 29, 116, 29, 33, 34, 116, 42, 24, 112, 111, 25, 112, 24, 34, 30, 24, 34, 24, 29, 25, 24, 30, 115, 30, 34, 43, 115, 34, 113, 112, 25, 114, 25, 30, 114, 30, 115, 113, 25, 114, 114, 115, 140, 98, 113, 114, 99, 112, 113, 22, 157, 156, 122, 26, 22, 158, 157, 22, 168, 157, 158, 31, 27, 26, 31, 26, 121, 27, 31, 130, 27, 130, 131, 158, 27, 159, 26, 158, 22, 27, 158, 26, 23, 159, 27, 159, 167, 158, 154, 173, 16, 154, 176, 175, 175, 172, 154, 123, 16, 72, 16, 176, 154, 16, 123, 176, 21, 155, 176, 171, 176, 155, 123, 21, 176, 156, 155, 21, 170, 155, 156, 129, 156, 21, 122, 22, 156, 176, 172, 175, 160, 15, 16, 173, 161, 160, 20, 173, 174, 172, 174, 154, 20, 174, 172, 20, 161, 173, 176, 171, 172, 20, 171, 161, 171, 20, 172, 171, 162, 161, 17, 162, 171, 170, 171, 155, 17, 171, 170, 17, 170, 162, 169, 170, 156, 170, 163, 162, 169, 163, 170, 18, 163, 169, 169, 156, 157, 168, 18, 169, 168, 169, 157, 163, 168, 164, 168, 163, 18, 167, 168, 158, 162, 108, 161, 161, 108, 160, 164, 162, 163, 167, 164, 168, 19, 164, 167, 164, 165, 162, 165, 164, 19, 165, 106, 162, 166, 165, 19, 110, 19, 159, 159, 19, 167, 110, 166, 19, 99, 165, 166, 173, 160, 16, 174, 173, 154, 13, 90, 104, 91, 90, 13, 103, 104, 165, 13, 104, 103, 103, 92, 91, 103, 91, 13, 14, 93, 92, 103, 14, 92, 102, 103, 165, 14, 103, 102, 94, 93, 14, 94, 14, 102, 100, 101, 102, 95, 94, 102, 102, 99, 100, 101, 95, 102, 165, 99, 102, 96, 95, 101, 96, 101, 100, 99, 97, 100, 99, 166, 112, 98, 97, 99, 96, 100, 97, 5, 91, 92, 5, 92, 93, 5, 93, 94, 5, 94, 95, 5, 95, 96, 98, 99, 113, 114, 5, 98, 5, 97, 98, 5, 96, 97, 84, 6, 83, 85, 6, 84, 86, 6, 85, 83, 82, 106, 106, 84, 83, 12, 84, 106, 85, 84, 12, 86, 85, 12, 87, 86, 12, 105, 12, 106, 6, 86, 87, 12, 88, 87, 89, 88, 12, 90, 89, 12, 105, 106, 165, 104, 105, 165, 90, 105, 104, 105, 90, 12, 88, 89, 5, 87, 88, 5, 91, 5, 89, 91, 89, 90, 75, 67, 109, 10, 75, 109, 76, 6, 75, 76, 75, 10, 76, 78, 6, 108, 10, 109, 77, 78, 76, 109, 15, 160, 79, 6, 78, 80, 6, 79, 76, 108, 77, 108, 76, 10, 107, 77, 108, 78, 77, 107, 79, 78, 107, 81, 6, 80, 11, 79, 107, 80, 79, 11, 81, 80, 11, 82, 6, 81, 83, 6, 82, 106, 11, 107, 82, 81, 11, 82, 11, 106, 108, 109, 160, 108, 162, 107, 162, 106, 107],
                    "vertices": [1, 25, 64.9, 27.37, 1, 1, 25, 69.49, 19.44, 1, 1, 6, 401.27, -408.46, 1, 1, 24, 48.73, -19.28, 1, 2, 24, 28.71, -39.65, 0.5, 6, 302.93, -408.46, 0.5, 1, 6, -167.73, -408.46, 1, 1, 6, -167.73, 28.54, 1, 3, 17, -76.87, 33.15, 0.02148, 21, -21.97, 13.39, 0.86752, 6, 77.04, 28.54, 0.111, 1, 21, 39.23, 50.01, 1, 1, 6, 401.27, 28.54, 1, 1, 14, 53.85, -4.92, 1, 1, 14, 126.85, 4.97, 1, 3, 14, 190.4, 30.31, 0.00753, 15, 45.19, 5.01, 0.98746, 17, 109.82, -175.9, 0.00501, 1, 16, 11.05, 12.3, 1, 1, 16, 64.07, -8.54, 1, 1, 6, 40.12, -25.51, 1, 1, 18, 21.16, -9.76, 1, 1, 17, 63.52, 14.65, 1, 1, 17, 98.73, 13.17, 1, 1, 17, 140.88, 1.99, 1, 1, 17, 36.56, 13.91, 1, 1, 18, 71.16, -7.95, 1, 1, 19, 10.65, -11.51, 1, 1, 20, 0.93, -29.25, 1, 1, 20, 47.9, -27.93, 1, 1, 20, 86.61, -39.28, 1, 1, 19, 21.17, 8.57, 1, 1, 19, 71.09, 7.97, 1, 1, 20, 12.26, 11.14, 1, 1, 20, 45.76, 17.36, 1, 1, 20, 90.24, 16.13, 1, 2, 19, 54.1, 34.68, 0.27, 26, 90.48, -29.34, 0.73, 2, 20, 0.35, 27.8, 0.68, 26, 139.67, -45.84, 0.32, 2, 20, 31.36, 30.63, 0.67, 26, 167.19, -60.44, 0.33, 2, 20, 64.94, 29.3, 0.89, 26, 194.56, -79.92, 0.11, 2, 20, -36.76, 46.72, 0.19, 26, 118.96, -9.7, 0.81, 1, 26, 103, 21.41, 1, 1, 22, 84.99, -18.65, 1, 1, 22, 113.76, -21.03, 1, 1, 6, 296.86, -220.16, 1, 1, 6, 296.86, -249.52, 1, 1, 6, 290.15, -273.01, 1, 1, 6, 274.2, -299.02, 1, 1, 6, 258.26, -328.39, 1, 1, 23, 15.82, -24.66, 1, 1, 23, 44.06, -10.9, 1, 1, 24, 9.07, -11.23, 1, 1, 24, 34.61, -13.97, 1, 1, 24, 49.19, 14.04, 1, 1, 24, 13.6, 13.73, 1, 1, 23, 15.7, 10.1, 1, 1, 25, -9.66, 3.02, 1, 3, 23, 19.97, 40, 0.03715, 24, -6.95, 56.26, 0.00859, 25, 19.72, -4.2, 0.95426, 1, 25, 55.15, 6.61, 1, 1, 25, 8.41, 8.64, 1, 1, 22, 238.65, -26.77, 1, 1, 22, 220.83, 1.52, 1, 1, 22, 189.91, 29.91, 1, 1, 22, 167.94, 36.43, 1, 1, 22, 142.55, 19.45, 1, 1, 22, 115.12, 27.3, 1, 2, 22, 95.66, 39.38, 0.99691, 25, -97.48, 148.01, 0.00309, 1, 22, 52.22, 60.79, 1, 2, 21, 168.2, 58.32, 0.47842, 22, -14.1, 56.49, 0.52158, 2, 21, 103.45, 58.69, 0.94355, 22, -75.5, 35.93, 0.05645, 1, 6, 29.22, 15.6, 1, 1, 6, -6.02, 6.37, 1, 1, 6, -35.39, -12.92, 1, 1, 22, 201.6, -25.07, 1, 1, 22, 172.35, -2.49, 1, 1, 22, 36.87, 8.92, 1, 1, 26, 4.08, 45.8, 1, 1, 21, 85.84, 12.96, 1, 1, 21, 52.46, 11.56, 1, 4, 17, -55.43, 34.26, 0.0261, 18, -43.05, 28.44, 0.02419, 21, -8.86, -3.62, 0.88734, 6, 79.56, 7.21, 0.06236, 1, 14, 40.13, -25.45, 1, 1, 14, 68.39, -19.33, 1, 1, 14, 83.88, -19.02, 1, 1, 14, 95.24, -22.15, 1, 1, 14, 111.77, -22.2, 1, 1, 14, 125.2, -22.58, 1, 1, 14, 143.11, -21.94, 1, 1, 14, 158.62, -16.81, 1, 2, 14, 169.99, -14.43, 0.07217, 15, 3.22, -20.62, 0.92783, 2, 14, 182.05, -9.3, 0.07217, 15, 16.09, -23.12, 0.92783, 2, 14, 191.71, -4.51, 0.07217, 15, 26.77, -24.56, 0.92783, 2, 14, 201.36, 0.98, 0.07217, 15, 37.84, -25.42, 0.92783, 1, 15, 50.17, -25.06, 1, 1, 15, 63.75, -23.47, 1, 1, 15, 75.82, -19.18, 1, 2, 15, 84, -12.67, 0.53, 16, -23.16, 5.2, 0.47, 1, 16, 8.02, -7.18, 1, 1, 16, 28.31, -17.26, 1, 1, 16, 45.46, -23.36, 1, 1, 16, 76.73, -26.28, 1, 1, 16, 99.84, -20.49, 1, 1, 16, 115.83, -16.25, 1, 1, 16, 137.93, 3.34, 1, 1, 16, 143.69, 12.39, 1, 1, 16, 135.2, 18.95, 1, 1, 16, 120.83, 11.19, 1, 1, 16, 103.26, 5.67, 1, 1, 16, 84.79, 7.34, 1, 1, 16, 36.19, 25.41, 1, 1, 16, 19.05, 37.44, 1, 1, 15, 46.21, 29.22, 1, 1, 15, 14.75, 35.62, 1, 1, 14, 94.27, 16.72, 1, 1, 14, 61.19, 7.86, 1, 1, 14, 38.44, 2.41, 1, 1, 20, 13.51, -45.87, 1, 1, 20, 46.27, -51.58, 1, 1, 20, 62.95, -59.45, 1, 1, 20, 101.63, -54.03, 1, 1, 20, 124.69, 3.05, 1, 1, 20, 92.77, 25.36, 1, 2, 20, 34.12, 45.85, 0.36, 26, 177.82, -49.2, 0.64, 2, 20, 23.3, 54.52, 0.2, 26, 173.51, -36.03, 0.8, 2, 20, 18.08, 57.07, 0.24, 26, 170.53, -31.04, 0.76, 2, 20, 3.72, 62.77, 0.16, 26, 161.63, -18.41, 0.84, 2, 20, -20.89, 53.74, 0.2, 26, 136.09, -12.5, 0.8, 2, 19, 38.74, 38.84, 0.32, 26, 75.75, -23.32, 0.68, 1, 26, 33.86, -19.21, 1, 1, 26, 1.64, -16.43, 1, 1, 26, 12.28, 20.48, 1, 1, 26, 64.23, 24.51, 1, 1, 26, 85.09, 21.7, 1, 1, 26, 89.02, -5.09, 1, 1, 26, 44.25, 0.86, 1, 1, 26, 19.27, -17.98, 1, 2, 19, 76.46, 27.32, 0.53557, 26, 110.15, -25.84, 0.46443, 3, 19, 89.72, 22.99, 0.27978, 20, -12.73, 19.89, 0.35997, 26, 123.17, -30.85, 0.36024, 2, 20, -8.31, 32.75, 0.39728, 26, 133.29, -21.76, 0.60272, 2, 19, 22.71, 31.56, 0.17513, 26, 56.69, -18.83, 0.82487, 2, 19, 31.35, 48.47, 0.10516, 26, 66.2, -2.39, 0.89484, 2, 19, 71.28, 35.72, 0.18756, 26, 105.41, -17.19, 0.81244, 2, 19, 88.52, 33.3, 0.26547, 26, 122.5, -20.49, 0.73453, 3, 20, 180.54, 110.08, 0.012, 24, 18.46, -27.32, 0.44643, 6, 304.55, -392.51, 0.54157, 3, 20, 155.21, 97.05, 0.00548, 24, -9.05, -19.94, 0.42134, 6, 290.53, -367.71, 0.57318, 3, 23, 43.42, -37.16, 0.38231, 24, -33.82, -19.78, 0.02064, 6, 273.29, -349.92, 0.59705, 1, 6, 256.58, -346.15, 1, 1, 24, 49.48, -0.36, 1, 1, 24, 51.13, 27.48, 1, 1, 24, 29.89, 15.85, 1, 1, 24, 26.72, 30.31, 1, 1, 24, 19.38, 41.3, 1, 2, 23, 36.48, 28.62, 0.45, 24, -0.41, 37.31, 0.55, 1, 23, 27.87, 17.87, 1, 2, 23, 9.57, 19.4, 0.59458, 25, -2.9, -8.77, 0.40542, 1, 25, 35.47, -8.35, 1, 1, 25, 46.23, -6.49, 1, 1, 25, 63.85, 9.32, 1, 1, 25, 48.17, 17.06, 1, 1, 25, 26.88, 9.72, 1, 1, 18, 28.53, -18.91, 1, 1, 18, 57.71, -19.17, 1, 1, 18, 83.44, -18.81, 1, 1, 19, 2.69, -23.93, 1, 1, 19, 36.9, -29.92, 1, 1, 19, 63.03, -39.87, 1, 1, 17, 17.56, -3.38, 1, 1, 17, 38.81, 0.98, 1, 1, 17, 64.1, 2.99, 1, 1, 17, 97.64, 2.87, 1, 1, 17, 135.88, -5.41, 1, 1, 17, 156.83, -13.61, 1, 1, 17, 160.68, -2.85, 1, 1, 17, 132.25, 11.08, 1, 1, 17, 112.79, 18.12, 1, 1, 17, 91.53, 21.62, 1, 1, 17, 72.26, 23.41, 1, 1, 17, 57.54, 22.81, 1, 1, 17, 37.19, 24.15, 1, 2, 17, 25.49, 19.33, 0.58, 18, 18.82, -25.15, 0.42, 1, 17, 32.19, 20.12, 1, 1, 18, 34.31, -22.91, 1, 1, 18, 43.9, -22.4, 1],
                    "hull": 10,
                    "edges": [10, 12, 16, 18, 12, 14, 14, 16, 234, 236, 8, 10, 4, 6, 6, 8, 4, 2, 2, 0, 0, 18],
                    "width": 569,
                    "height": 437
                }
            },
            "hair02": {
                "hair02": {
                    "type": "mesh",
                    "uvs": [1, 1, 0, 1, 0, 0.81889, 0, 0, 1, 0, 0.64181, 0.16111, 0.37579, 0.30878, 0.13023, 0.53027],
                    "triangles": [5, 3, 4, 6, 3, 5, 7, 3, 6, 2, 3, 7, 0, 1, 2, 5, 4, 0, 6, 5, 0, 7, 6, 0, 0, 2, 7],
                    "vertices": [1, 10, 58.88, 99.58, 1, 1, 10, 157.81, 26.49, 1, 1, 10, 144.35, 8.28, 1, 1, 10, 83.52, -74.05, 1, 1, 10, -15.4, -0.95, 1, 1, 10, 32, -10.94, 1, 1, 10, 69.28, -15.54, 1, 1, 10, 110.03, -11.22, 1],
                    "hull": 5,
                    "edges": [0, 2, 6, 8, 0, 8, 2, 4, 4, 6],
                    "width": 123,
                    "height": 125
                }
            },
            "hair03": {
                "hair03": {
                    "type": "mesh",
                    "uvs": [1, 1, 0.18541, 1, 0, 1, 0, 0.60564, 0, 0, 1, 0, 0.87611, 0.10016, 0.5495, 0.19343, 0.26037, 0.32582, 0.1158, 0.44317, 0.08367, 0.84936],
                    "triangles": [2, 3, 10, 1, 10, 8, 2, 10, 1, 3, 4, 9, 8, 10, 9, 10, 3, 9, 8, 7, 0, 5, 7, 4, 6, 7, 5, 6, 5, 0, 7, 6, 0, 8, 4, 7, 9, 4, 8, 1, 8, 0],
                    "vertices": [1, 11, 118.41, 174.99, 1, 1, 13, 71.49, -5.97, 1, 1, 11, 225.38, 106.55, 1, 2, 12, 55.93, -7.04, 0.55, 13, -19.62, 8, 0.45, 1, 11, 103.59, -83.82, 1, 2, 11, -3.39, -15.38, 0.99928, 12, -111.3, 76.03, 7.2E-4, 1, 11, 22.06, -4.79, 1, 1, 11, 68.36, -9.39, 1, 2, 11, 115.42, -3.98, 0.8, 12, -14.09, 6.77, 0.2, 1, 12, 16.55, -3.33, 1, 1, 13, 35.12, -4.23, 1],
                    "hull": 6,
                    "edges": [8, 10, 0, 10, 4, 6, 6, 8, 0, 2, 2, 4],
                    "width": 127,
                    "height": 226
                }
            },
            "hand01": {
                "hand01": {
                    "type": "mesh",
                    "uvs": [1, 1, 0.86256, 1, 0.69164, 1, 0, 1, 0, 0, 0.34152, 0, 0.42699, 0, 0.54933, 0, 0.65659, 0, 0.72698, 0, 0.81412, 0, 1, 0, 0.11916, 0.57065, 0.32097, 0.60321, 0.35186, 0.90713, 0.12328, 0.89628, 0.43629, 0.46753, 0.56809, 0.27216, 0.68547, 0.16905, 0.48571, 0.75517, 0.52278, 0.9017, 0.70812, 0.80401, 0.82138, 0.73889, 0.81108, 0.56522, 0.80284, 0.42955, 0.92022, 0.35899, 0.81314, 0.20161, 0.42196, 0.26372, 0.41526, 0.14447, 0.35493, 0.33439, 0.34655, 0.20189],
                    "triangles": [28, 5, 6, 29, 27, 16, 18, 8, 9, 10, 18, 9, 26, 18, 10, 7, 27, 28, 18, 17, 7, 18, 7, 8, 7, 28, 6, 17, 27, 7, 11, 26, 10, 25, 26, 11, 24, 18, 26, 24, 26, 25, 17, 18, 24, 16, 27, 17, 23, 24, 25, 22, 23, 25, 16, 23, 19, 24, 16, 17, 23, 16, 24, 21, 19, 23, 13, 16, 19, 22, 21, 23, 20, 19, 21, 20, 14, 19, 2, 20, 21, 14, 20, 2, 0, 1, 22, 21, 22, 1, 2, 21, 1, 11, 0, 25, 0, 22, 25, 30, 28, 27, 30, 12, 4, 30, 4, 5, 12, 30, 29, 13, 12, 29, 16, 13, 29, 15, 12, 13, 14, 15, 13, 19, 14, 13, 3, 4, 12, 3, 12, 15, 3, 15, 14, 2, 3, 14, 30, 5, 28, 29, 30, 27],
                    "vertices": [1, 4, 273.39, -129.57, 1, 1, 4, 206.61, -110.13, 1, 1, 4, 123.57, -85.96, 1, 1, 3, 181.99, -38.76, 1, 1, 3, 189.76, 153.09, 1, 2, 3, 362.43, 146.09, 0.65848, 4, 7.12, 147.9, 0.34152, 1, 4, 48.65, 135.81, 1, 1, 4, 108.09, 118.51, 1, 1, 4, 160.2, 103.34, 1, 1, 4, 194.39, 93.39, 1, 1, 4, 236.73, 81.07, 1, 1, 4, 327.04, 54.79, 1, 1, 3, 245.57, 41.17, 1, 2, 3, 347.35, 30.79, 0.83, 4, -35.22, 39.6, 0.17, 2, 3, 360.6, -28.15, 0.76, 4, -36.52, -20.8, 0.24, 1, 3, 245.12, -21.38, 1, 1, 4, 28.08, 48.3, 1, 1, 4, 102.6, 65.69, 1, 1, 4, 165.16, 68.1, 1, 2, 3, 429.46, -1.74, 0.3, 4, 36.66, -11.71, 0.7, 2, 3, 447.06, -30.61, 0.22, 4, 46.81, -43.96, 0.78, 1, 4, 142.09, -52.16, 1, 1, 4, 200.61, -56.17, 1, 1, 4, 204.93, -22.7, 1, 1, 4, 208.21, 3.48, 1, 1, 4, 269.02, -0.11, 1, 1, 4, 225.44, 44.04, 1, 1, 4, 32.06, 87.9, 1, 1, 4, 35.2, 110.84, 1, 1, 3, 366.61, 81.66, 1, 1, 3, 363.4, 107.25, 1],
                    "hull": 12,
                    "edges": [6, 8, 0, 22, 4, 6, 0, 2, 2, 4, 12, 14, 14, 16, 16, 18, 18, 20, 20, 22, 8, 10, 10, 12],
                    "width": 506,
                    "height": 192
                }
            },
            "hand02": {
                "hand02": {
                    "type": "mesh",
                    "uvs": [1, 0.32939, 1, 1, 0, 1, 0, 0, 0.38293, 0, 0.4896, 0, 0.62293, 0, 1, 0, 0.12372, 0.30504, 0.55, 0.2562, 0.87365, 0.27248, 0.56578, 0.53298, 0.13951, 0.69579, 0.86575, 0.53298, 0.13081, 0.20939, 0.37566, 0.17439, 0.51384, 0.10939, 0.7902, 0.10439, 0.8799, 0.15439, 0.92354, 0.55939, 0.84354, 0.65439, 0.57929, 0.66439, 0.44596, 0.72939, 0.38778, 0.38439, 0.15748, 0.86939],
                    "triangles": [17, 6, 7, 16, 5, 6, 18, 17, 7, 17, 9, 16, 17, 16, 6, 15, 16, 9, 10, 17, 18, 9, 17, 10, 18, 7, 0, 10, 18, 0, 23, 15, 9, 10, 11, 9, 13, 10, 0, 13, 11, 10, 23, 9, 11, 19, 13, 0, 20, 11, 13, 20, 13, 19, 21, 11, 20, 11, 22, 23, 21, 22, 11, 19, 0, 1, 20, 19, 1, 21, 20, 1, 22, 21, 1, 24, 22, 1, 15, 4, 16, 4, 14, 3, 15, 14, 4, 8, 3, 14, 8, 14, 15, 23, 8, 15, 12, 8, 23, 22, 12, 23, 24, 12, 22, 2, 3, 8, 2, 8, 12, 2, 12, 24, 2, 24, 1, 4, 5, 16],
                    "vertices": [1, 8, 70.86, 3.65, 1, 1, 8, 70.86, -39.27, 1, 1, 7, -6.97, -30.27, 1, 1, 7, 1.74, 33.14, 1, 1, 7, 51.81, 26.27, 1, 2, 7, 65.76, 24.35, 0.5104, 8, 3.49, 24.73, 0.4896, 2, 7, 83.2, 21.96, 0.37707, 8, 21.09, 24.73, 0.62293, 1, 8, 70.86, 24.73, 1, 1, 7, 15.26, 11.58, 1, 2, 7, 71.43, 7.02, 0.2, 8, 11.46, 8.34, 0.8, 1, 8, 54.18, 7.29, 1, 2, 7, 71.09, -10.81, 0.26, 8, 13.55, -9.38, 0.74, 1, 7, 13.93, -13.48, 1, 1, 8, 53.14, -9.38, 1, 1, 7, 17.02, 17.52, 1, 2, 7, 49.35, 15.34, 0.31803, 8, -11.55, 13.57, 0.68197, 2, 7, 67.98, 16.98, 0.29402, 8, 6.69, 17.73, 0.70598, 1, 8, 43.17, 18.05, 1, 1, 8, 55.01, 14.85, 1, 1, 8, 60.77, -11.07, 1, 1, 8, 50.21, -17.15, 1, 2, 7, 71.71, -19.38, 0.24242, 8, 15.33, -17.79, 0.75758, 2, 7, 53.71, -21.11, 0.42679, 8, -2.27, -21.95, 0.57321, 2, 7, 49.1, 1.81, 0.42134, 8, -9.95, 0.13, 0.57867, 1, 7, 14.76, -24.81, 1],
                    "hull": 8,
                    "edges": [2, 4, 4, 6, 12, 14, 2, 0, 0, 14, 10, 12, 6, 8, 8, 10],
                    "width": 132,
                    "height": 64
                }
            },
            "mouth01": {
                "mouth01": {
                    "type": "mesh",
                    "uvs": [0.98592, 0.964, 0.01721, 0.976, 0.01878, 0.039, 0.97653, 0.045],
                    "triangles": [1, 2, 3, 1, 3, 0],
                    "vertices": [-12.17, -70.92, 22.49, 151.14, 134.33, 132.57, 97.93, -86.63],
                    "hull": 4,
                    "edges": [0, 2, 2, 4, 4, 6, 0, 6],
                    "width": 232,
                    "height": 121
                }
            },
            "mouth02": {
                "mouth02": {
                    "type": "mesh",
                    "uvs": [0.98279, 0.964, 0.01878, 0.976, 0.01878, 0.033, 0.98748, 0.036],
                    "triangles": [0, 2, 3, 1, 2, 0],
                    "vertices": [-12.06, -70.2, 22.43, 150.78, 135.05, 132.45, 98.6, -89.31],
                    "hull": 4,
                    "edges": [0, 2, 2, 4, 4, 6, 0, 6],
                    "width": 232,
                    "height": 121
                }
            },
            "mouth03": {
                "mouth03": {
                    "type": "mesh",
                    "uvs": [0.98279, 0.964, 0.01721, 0.976, 0.02191, 0.039, 0.98905, 0.03],
                    "triangles": [0, 2, 3, 1, 2, 0],
                    "vertices": [-12.06, -70.2, 22.49, 151.14, 134.22, 131.85, 99.26, -89.79],
                    "hull": 4,
                    "edges": [0, 2, 2, 4, 4, 6, 0, 6],
                    "width": 232,
                    "height": 121
                }
            },
            "mouth_shadow": {
                "mouth_shadow": {
                    "type": "mesh",
                    "uvs": [1, 1, 0, 1, 0, 0, 1, 0],
                    "triangles": [1, 2, 3, 1, 3, 0],
                    "vertices": [79.66, -27.37, 97.8, 84.16, 126.43, 79.51, 108.28, -32.03],
                    "hull": 4,
                    "edges": [0, 2, 2, 4, 4, 6, 0, 6],
                    "width": 113,
                    "height": 29
                }
            },
            "selif01": {
                "selif01": {
                    "x": 5.19,
                    "y": -4.7,
                    "width": 116,
                    "height": 171
                }
            },
            "selif02": {
                "selif02": {
                    "x": -9.85,
                    "y": 4.74,
                    "width": 228,
                    "height": 181
                }
            },
            "selif03_01": {
                "selif03_01": {
                    "x": -0.37,
                    "y": -47.7,
                    "width": 50,
                    "height": 369
                }
            },
            "selif03_02": {
                "selif03_02": {
                    "x": 2.03,
                    "y": -45.54,
                    "width": 48,
                    "height": 371
                }
            },
            "sweat01": {
                "sweat01": {
                    "type": "mesh",
                    "uvs": [1, 1, 0, 1, 0, 0, 1, 0],
                    "triangles": [1, 2, 3, 1, 3, 0],
                    "vertices": [8.54, -11.41, -8.46, -11.41, -8.46, 17.59, 8.54, 17.59],
                    "hull": 4,
                    "edges": [0, 2, 2, 4, 4, 6, 0, 6],
                    "width": 17,
                    "height": 29
                }
            },
            "sweat02": {
                "sweat02": {
                    "type": "mesh",
                    "uvs": [1, 1, 0, 1, 0, 0, 1, 0],
                    "triangles": [1, 2, 3, 1, 3, 0],
                    "vertices": [6.43, -10.2, -6.57, -10.2, -6.57, 44.8, 6.43, 44.8],
                    "hull": 4,
                    "edges": [0, 2, 2, 4, 4, 6, 0, 6],
                    "width": 13,
                    "height": 55
                }
            },
            "sweat03_01": {
                "sweat03_01": {
                    "type": "mesh",
                    "uvs": [1, 1, 0, 1, 0, 0, 1, 0],
                    "triangles": [1, 2, 3, 1, 3, 0],
                    "vertices": [-14.91, 11.89, -47.91, 11.89, -47.91, 68.89, -14.91, 68.89],
                    "hull": 4,
                    "edges": [0, 2, 2, 4, 4, 6, 0, 6],
                    "width": 33,
                    "height": 57
                }
            },
            "sweat03_02": {
                "sweat03_02": {
                    "type": "mesh",
                    "uvs": [1, 1, 0, 1, 0, 0, 1, 0],
                    "triangles": [1, 2, 3, 1, 3, 0],
                    "vertices": [1.09, -7.11, -22.91, -7.11, -22.91, 19.89, 1.09, 19.89],
                    "hull": 4,
                    "edges": [0, 2, 2, 4, 4, 6, 0, 6],
                    "width": 24,
                    "height": 27
                }
            },
            "waku": {
                "waku": {
                    "type": "mesh",
                    "uvs": [1, 0.95469, 0, 0.95469, 0, 0.04531, 1, 0.04531],
                    "triangles": [1, 2, 3, 1, 3, 0],
                    "vertices": [466.34, -487.52, -455.66, -484.93, -455.66, 476.63, 466.34, 476.38],
                    "hull": 4,
                    "edges": [0, 2, 2, 4, 4, 6, 0, 6],
                    "width": 922,
                    "height": 1068
                }
            }
        }
    },
    "animations": {
        "comic_001004_07": {
            "slots": {
                "eye01": {
                    "attachment": [{
                        "time": 0,
                        "name": null
                    }, {
                        "time": 0.5333,
                        "name": "eye01"
                    }, {
                        "time": 1.0667,
                        "name": null
                    }, {
                        "time": 1.1667,
                        "name": "eye01"
                    }]
                },
                "eye02": {
                    "attachment": [{
                        "time": 0.5333,
                        "name": null
                    }, {
                        "time": 1.0667,
                        "name": "eye02"
                    }, {
                        "time": 1.1,
                        "name": null
                    }, {
                        "time": 1.1333,
                        "name": "eye02"
                    }, {
                        "time": 1.1667,
                        "name": null
                    }]
                },
                "eye03": {
                    "attachment": [{
                        "time": 0,
                        "name": null
                    }, {
                        "time": 1.1,
                        "name": "eye03"
                    }, {
                        "time": 1.1333,
                        "name": null
                    }]
                },
                "mouth01": {
                    "attachment": [{
                        "time": 0.6667,
                        "name": null
                    }, {
                        "time": 0.7667,
                        "name": "mouth01"
                    }]
                },
                "mouth02": {
                    "attachment": [{
                        "time": 0,
                        "name": null
                    }, {
                        "time": 0.6667,
                        "name": "mouth02"
                    }, {
                        "time": 0.7,
                        "name": null
                    }, {
                        "time": 0.7333,
                        "name": "mouth02"
                    }, {
                        "time": 0.7667,
                        "name": null
                    }]
                },
                "mouth03": {
                    "attachment": [{
                        "time": 0,
                        "name": null
                    }, {
                        "time": 0.7,
                        "name": "mouth03"
                    }, {
                        "time": 0.7333,
                        "name": null
                    }]
                },
                "mouth_shadow": {
                    "attachment": [{
                        "time": 0.7,
                        "name": null
                    }, {
                        "time": 0.7333,
                        "name": "mouth_shadow"
                    }]
                },
                "selif01": {
                    "color": [{
                        "time": 0,
                        "color": "ffffff00"
                    }, {
                        "time": 0.0667,
                        "color": "ffffff00"
                    }, {
                        "time": 0.3333,
                        "color": "ffffffff"
                    }]
                },
                "selif02": {
                    "color": [{
                        "time": 0,
                        "color": "ffffff00",
                        "curve": "stepped"
                    }, {
                        "time": 0.6333,
                        "color": "ffffff00"
                    }, {
                        "time": 0.7,
                        "color": "ffffffff"
                    }]
                },
                "selif03_01": {
                    "color": [{
                        "time": 0,
                        "color": "ffffff00",
                        "curve": "stepped"
                    }, {
                        "time": 1.3333,
                        "color": "ffffff00"
                    }, {
                        "time": 2,
                        "color": "ffffffff"
                    }]
                },
                "selif03_02": {
                    "color": [{
                        "time": 0,
                        "color": "ffffff00",
                        "curve": "stepped"
                    }, {
                        "time": 2.5,
                        "color": "ffffff00"
                    }, {
                        "time": 3.3333,
                        "color": "ffffffff"
                    }]
                },
                "sweat03_01": {
                    "color": [{
                        "time": 0.6667,
                        "color": "ffffff00"
                    }, {
                        "time": 0.9333,
                        "color": "ffffffff"
                    }, {
                        "time": 1.1667,
                        "color": "ffffff00"
                    }],
                    "attachment": [{
                        "time": 0,
                        "name": null
                    }, {
                        "time": 0.7667,
                        "name": "sweat03_01"
                    }]
                }
            },
            "bones": {
                "body": {
                    "rotate": [{
                        "time": 0,
                        "angle": 10.2
                    }, {
                        "time": 0.5,
                        "angle": 0
                    }]
                },
                "L_arm": {
                    "rotate": [{
                        "time": 0,
                        "angle": -16.32
                    }, {
                        "time": 0.3333,
                        "angle": 0
                    }, {
                        "time": 0.6667,
                        "angle": 2.75
                    }],
                    "translate": [{
                        "time": 0,
                        "x": 40.18,
                        "y": -23.27
                    }, {
                        "time": 0.3333,
                        "x": 1.41,
                        "y": -34.74
                    }, {
                        "time": 0.6667,
                        "x": -20.29,
                        "y": 28.98
                    }]
                },
                "L_hand": {
                    "rotate": [{
                        "time": 0,
                        "angle": -19.06
                    }, {
                        "time": 0.3333,
                        "angle": -38.09
                    }, {
                        "time": 0.6667,
                        "angle": -1.63
                    }]
                },
                "hair_base2": {
                    "rotate": [{
                        "time": 0,
                        "angle": 6.65
                    }, {
                        "time": 0.3333,
                        "angle": -4.06
                    }, {
                        "time": 0.6667,
                        "angle": 0
                    }]
                },
                "hair03": {
                    "rotate": [{
                        "time": 0,
                        "angle": 16.93
                    }, {
                        "time": 0.1667,
                        "angle": 9.19
                    }, {
                        "time": 0.3333,
                        "angle": 0
                    }, {
                        "time": 0.4333,
                        "angle": -1.31
                    }, {
                        "time": 0.8333,
                        "angle": 7.23
                    }]
                },
                "hair02": {
                    "rotate": [{
                        "time": 0,
                        "angle": 14.02
                    }, {
                        "time": 0.3333,
                        "angle": -6.32
                    }, {
                        "time": 0.7333,
                        "angle": 3.57
                    }]
                },
                "hair_base5": {
                    "rotate": [{
                        "time": 0,
                        "angle": -4.55
                    }, {
                        "time": 0.5,
                        "angle": 0
                    }, {
                        "time": 0.5667,
                        "angle": 5.76
                    }, {
                        "time": 1.1667,
                        "angle": 0
                    }]
                },
                "hair_base6": {
                    "rotate": [{
                        "time": 0,
                        "angle": -3.17
                    }, {
                        "time": 0.5667,
                        "angle": 2.86
                    }, {
                        "time": 1,
                        "angle": 0
                    }]
                },
                "hair_base7": {
                    "rotate": [{
                        "time": 0,
                        "angle": -4.49
                    }, {
                        "time": 0.5,
                        "angle": 0
                    }]
                },
                "hair_base8": {
                    "rotate": [{
                        "time": 0,
                        "angle": -4.53
                    }, {
                        "time": 0.5,
                        "angle": 0
                    }]
                },
                "bone9": {
                    "rotate": [{
                        "time": 0,
                        "angle": -8.47,
                        "curve": "stepped"
                    }, {
                        "time": 0.5,
                        "angle": -8.47
                    }, {
                        "time": 0.5333,
                        "angle": 4.06
                    }, {
                        "time": 0.6,
                        "angle": 0
                    }],
                    "translate": [{
                        "time": 0,
                        "x": -0.72,
                        "y": -4.86,
                        "curve": "stepped"
                    }, {
                        "time": 0.5,
                        "x": -0.72,
                        "y": -4.86
                    }, {
                        "time": 0.5333,
                        "x": 0,
                        "y": 0
                    }]
                },
                "bone10": {
                    "rotate": [{
                        "time": 0,
                        "angle": 8.93,
                        "curve": "stepped"
                    }, {
                        "time": 0.5,
                        "angle": 8.93
                    }, {
                        "time": 0.5333,
                        "angle": -12.94
                    }, {
                        "time": 0.6,
                        "angle": 0
                    }],
                    "translate": [{
                        "time": 0,
                        "x": -1.43,
                        "y": -3.06,
                        "curve": "stepped"
                    }, {
                        "time": 0.5,
                        "x": -1.43,
                        "y": -3.06
                    }, {
                        "time": 0.5333,
                        "x": 0,
                        "y": 0
                    }]
                },
                "L_hand2": {
                    "rotate": [{
                        "time": 0,
                        "angle": -7.06,
                        "curve": "stepped"
                    }, {
                        "time": 0.3333,
                        "angle": -7.06
                    }, {
                        "time": 0.5,
                        "angle": 0
                    }]
                },
                "L_hand3": {
                    "rotate": [{
                        "time": 0,
                        "angle": -10.83,
                        "curve": "stepped"
                    }, {
                        "time": 0.3333,
                        "angle": -10.83
                    }, {
                        "time": 0.5,
                        "angle": 0
                    }]
                },
                "sweat01": {
                    "translate": [{
                        "time": 0.3333,
                        "x": 26.32,
                        "y": -4.28
                    }, {
                        "time": 0.8333,
                        "x": 0,
                        "y": 0
                    }, {
                        "time": 1.8333,
                        "x": -220.17,
                        "y": 35.82
                    }]
                },
                "sweat02": {
                    "translate": [{
                        "time": 0,
                        "x": 74.88,
                        "y": -12.18
                    }, {
                        "time": 0.6667,
                        "x": 37.36,
                        "y": -6.08
                    }, {
                        "time": 1.1667,
                        "x": 0,
                        "y": 0
                    }]
                },
                "sweat03": {
                    "translate": [{
                        "time": 0,
                        "x": 47.64,
                        "y": 18.87,
                        "curve": "stepped"
                    }, {
                        "time": 0.3333,
                        "x": 47.64,
                        "y": 18.87
                    }, {
                        "time": 1.1667,
                        "x": 0,
                        "y": 0
                    }]
                },
                "selif01": {
                    "scale": [{
                        "time": 0.0667,
                        "x": 0.403,
                        "y": 0.403
                    }, {
                        "time": 0.3333,
                        "x": 2.934,
                        "y": 2.934
                    }, {
                        "time": 0.4,
                        "x": 1.2,
                        "y": 1.2
                    }, {
                        "time": 0.4667,
                        "x": 1,
                        "y": 1
                    }]
                },
                "selif02": {
                    "scale": [{
                        "time": 0.6333,
                        "x": 0.264,
                        "y": 0.264
                    }, {
                        "time": 0.7,
                        "x": 1.6,
                        "y": 1.6
                    }, {
                        "time": 0.8,
                        "x": 0.8,
                        "y": 0.8
                    }, {
                        "time": 0.8667,
                        "x": 1,
                        "y": 1
                    }]
                },
                "bone5": {
                    "rotate": [{
                        "time": 0,
                        "angle": -6.03
                    }, {
                        "time": 0.3333,
                        "angle": 12.43
                    }, {
                        "time": 0.5,
                        "angle": 4.9
                    }]
                },
                "bone7": {
                    "rotate": [{
                        "time": 0,
                        "angle": -11.33
                    }, {
                        "time": 0.3333,
                        "angle": 3.23
                    }, {
                        "time": 0.6,
                        "angle": -8.7
                    }]
                },
                "bone": {
                    "rotate": [{
                        "time": 0,
                        "angle": -4.1
                    }, {
                        "time": 0.3333,
                        "angle": 0
                    }]
                },
                "bone4": {
                    "rotate": [{
                        "time": 0,
                        "angle": -1.49
                    }, {
                        "time": 0.5,
                        "angle": 0
                    }]
                }
            },
            "deform": {
                "default": {
                    "mouth_shadow": {
                        "mouth_shadow": [{
                            "time": 0,
                            "vertices": [-0.08125, -4.13445, -0.08125, -4.13445, -0.08125, -4.13445, -0.08125, -4.13445],
                            "curve": "stepped"
                        }, {
                            "time": 0.6333,
                            "vertices": [-0.08125, -4.13445, -0.08125, -4.13445, -0.08125, -4.13445, -0.08125, -4.13445]
                        }, {
                            "time": 0.6667,
                            "vertices": [-8.20931, -2.81186, -8.20931, -2.81186, -8.20931, -2.81186, -8.20931, -2.81186]
                        }, {
                            "time": 0.7,
                            "vertices": [-18.07952, -1.20586, -18.07952, -1.20586, -18.07952, -1.20586, -18.07952, -1.20586]
                        }, {
                            "time": 0.7333,
                            "vertices": [-8.20931, -2.81186, -8.20931, -2.81186, -8.20931, -2.81186, -8.20931, -2.81186]
                        }, {
                            "time": 0.7667,
                            "vertices": [-0.08125, -4.13445, -0.08125, -4.13445, -0.08125, -4.13445, -0.08125, -4.13445]
                        }]
                    }
                }
            }
        }
    }
}